VaR_95,Skewness,Kurtosis
0.6880433191269143,1.0449675490466082,1.8598203176915096
